genome	domain	phylum
73.20100900_E1D.1	Archaea	Euryarchaeota
73.20100900_E1S.1	Archaea	Euryarchaeota
73.20100900_E2D.1	Archaea	Euryarchaeota
73.20100900_E2D.36	Archaea	Euryarchaeota
73.20100900_E2S.9	Archaea	Euryarchaeota
73.20100900_E3D.1	Archaea	Euryarchaeota
73.20100900_E3D.38	Archaea	Euryarchaeota
73.20100900_E3D.53	Archaea	Euryarchaeota
73.20100900_E3D.91	Archaea	Euryarchaeota
73.20110600_E1D.1	Archaea	Euryarchaeota
73.20110600_E2D.1	Archaea	Euryarchaeota
73.20110600_E3D.1	Archaea	Euryarchaeota
73.20110600_E3M.1	Archaea	Euryarchaeota
73.20110600_S2D.10	Archaea	Euryarchaeota
73.20110600_S3M.17	Archaea	Euryarchaeota
73.20110600_S3M.49	Archaea	Euryarchaeota
73.20110700_E1D.1	Archaea	Euryarchaeota
73.20110700_E1M.1	Archaea	Euryarchaeota
73.20110700_E2M.1	Archaea	Euryarchaeota
73.20110700_E3M.1	Archaea	Euryarchaeota
73.20110700_S2D.12	Archaea	Euryarchaeota
73.20110700_S2D.54	Archaea	Euryarchaeota
73.20110700_S2M.14	Archaea	Euryarchaeota
73.20110800_E1M.18	Archaea	Euryarchaeota
73.20110800_E1M.1	Archaea	Euryarchaeota
73.20110800_E1S.1	Archaea	Euryarchaeota
73.20110800_E1S.23	Archaea	Euryarchaeota
73.20110800_E1S.26	Archaea	Euryarchaeota
73.20110800_E2D.14	Archaea	Euryarchaeota
73.20110800_E2M.1	Archaea	Euryarchaeota
73.20110800_E2M.30	Archaea	Euryarchaeota
73.20110800_E2S.1	Archaea	Euryarchaeota
73.20110800_E3D.115	Archaea	Euryarchaeota
73.20110800_E3D.97	Archaea	Euryarchaeota
73.20110800_S1D.9	Archaea	Euryarchaeota
73.20110800_S2D.13	Archaea	Euryarchaeota
73.20110800_S2D.59	Archaea	Euryarchaeota
73.20110800_S2M.16	Archaea	Euryarchaeota
73.20110800_S3D.14	Archaea	Euryarchaeota
73.20111000_E2D.1	Archaea	Euryarchaeota
73.20111000_E3D.1	Archaea	Euryarchaeota
73.20111000_S2D.42	Archaea	Euryarchaeota
73.20120500_P19.16	Archaea	Euryarchaeota
73.20120500_P28.11	Archaea	Euryarchaeota
73.20120600_E1D.1	Archaea	Euryarchaeota
73.20120600_E1D.36	Archaea	Euryarchaeota
73.20120600_E1D.45	Archaea	Euryarchaeota
73.20120600_E2D.120	Archaea	Euryarchaeota
73.20120600_E2D.1	Archaea	Euryarchaeota
73.20120600_E2D.97	Archaea	Euryarchaeota
73.20120600_E3D.137	Archaea	Euryarchaeota
73.20120600_E3D.1	Archaea	Euryarchaeota
73.20120600_E3D.30	Archaea	Euryarchaeota
73.20120600_E3D.31	Archaea	Euryarchaeota
73.20120600_E3M.1	Archaea	Euryarchaeota
73.20120600_S2D.19	Archaea	Euryarchaeota
73.20120600_S2D.40	Archaea	Euryarchaeota
73.20120700_E1M.1	Archaea	Euryarchaeota
73.20120700_E1S.1	Archaea	Euryarchaeota
73.20120700_E1X.21	Archaea	Euryarchaeota
73.20120700_E2D.1	Archaea	Euryarchaeota
73.20120700_E2X.1	Archaea	Euryarchaeota
73.20120700_E2X.63	Archaea	Euryarchaeota
73.20120700_E3M.1	Archaea	Euryarchaeota
73.20120700_E3M.288	Archaea	Euryarchaeota
73.20120700_E3M.61	Archaea	Euryarchaeota
73.20120700_E3M.71	Archaea	Euryarchaeota
73.20120700_P3D.344	Archaea	Euryarchaeota
73.20120700_S1D.111	Archaea	Euryarchaeota
73.20120700_S1D.117	Archaea	Euryarchaeota
73.20120700_S1D.206	Archaea	Euryarchaeota
73.20120700_S1D.20	Archaea	Euryarchaeota
73.20120700_S1X.9	Archaea	Euryarchaeota
73.20120700_S2X.9	Archaea	Euryarchaeota
73.20120700_S3D.12	Archaea	Euryarchaeota
73.20120700_S3X.12	Archaea	Euryarchaeota
73.20120800_E1D.1	Archaea	Euryarchaeota
73.20120800_E2D.17	Archaea	Euryarchaeota
73.20120800_E2S.1	Archaea	Euryarchaeota
73.20120800_E3X.20	Archaea	Euryarchaeota
73.20120800_S1D.21	Archaea	Euryarchaeota
73.20120800_S1D.32	Archaea	Euryarchaeota
73.20120800_S1X.13	Archaea	Euryarchaeota
73.20120800_S2X.9	Archaea	Euryarchaeota
73.20100900_E1D.30	Bacteria	Acidobacteria
73.20110600_P1D.4	Bacteria	Acidobacteria
73.20110600_P1M.13	Bacteria	Acidobacteria
73.20110600_P1M.1	Bacteria	Acidobacteria
73.20110600_P1M.2	Bacteria	Acidobacteria
73.20110600_P1M.47	Bacteria	Acidobacteria
73.20110600_P3S.23	Bacteria	Acidobacteria
73.20110600_P3S.2	Bacteria	Acidobacteria
73.20110600_S1D.17	Bacteria	Acidobacteria
73.20110600_S1D.18	Bacteria	Acidobacteria
73.20110600_S1D.22	Bacteria	Acidobacteria
73.20110600_S1D.24	Bacteria	Acidobacteria
73.20110600_S1D.26	Bacteria	Acidobacteria
73.20110600_S1D.31	Bacteria	Acidobacteria
73.20110600_S1D.37	Bacteria	Acidobacteria
73.20110600_S1D.4	Bacteria	Acidobacteria
73.20110600_S1D.5	Bacteria	Acidobacteria
73.20110600_S1M.12	Bacteria	Acidobacteria
73.20110600_S1M.43	Bacteria	Acidobacteria
73.20110600_S1M.4	Bacteria	Acidobacteria
73.20110600_S1S.25	Bacteria	Acidobacteria
73.20110600_S1S.2	Bacteria	Acidobacteria
73.20110600_S2D.23	Bacteria	Acidobacteria
73.20110600_S2D.25	Bacteria	Acidobacteria
73.20110600_S2D.27	Bacteria	Acidobacteria
73.20110600_S2D.36	Bacteria	Acidobacteria
73.20110600_S2D.50	Bacteria	Acidobacteria
73.20110600_S2M.15	Bacteria	Acidobacteria
73.20110600_S2S.11	Bacteria	Acidobacteria
73.20110600_S2S.3	Bacteria	Acidobacteria
73.20110600_S3D.19	Bacteria	Acidobacteria
73.20110600_S3M.34	Bacteria	Acidobacteria
73.20110600_S3M.35	Bacteria	Acidobacteria
73.20110600_S3M.44	Bacteria	Acidobacteria
73.20110600_S3S.2	Bacteria	Acidobacteria
73.20110700_P1D.8	Bacteria	Acidobacteria
73.20110700_P1M.10	Bacteria	Acidobacteria
73.20110700_P1M.4	Bacteria	Acidobacteria
73.20110700_P1M.6	Bacteria	Acidobacteria
73.20110700_P1S.21	Bacteria	Acidobacteria
73.20110700_P1S.5	Bacteria	Acidobacteria
73.20110700_P2D.43	Bacteria	Acidobacteria
73.20110700_P2D.4	Bacteria	Acidobacteria
73.20110700_P2D.59	Bacteria	Acidobacteria
73.20110700_P2D.63	Bacteria	Acidobacteria
73.20110700_P2D.82	Bacteria	Acidobacteria
73.20110700_P2D.9	Bacteria	Acidobacteria
73.20110700_P2M.10	Bacteria	Acidobacteria
73.20110700_P2M.14	Bacteria	Acidobacteria
73.20110700_P2M.1	Bacteria	Acidobacteria
73.20110700_P2M.4	Bacteria	Acidobacteria
73.20110700_P2M.5	Bacteria	Acidobacteria
73.20110700_P2M.8	Bacteria	Acidobacteria
73.20110700_P2S.6	Bacteria	Acidobacteria
73.20110700_P3D.15	Bacteria	Acidobacteria
73.20110700_P3D.20	Bacteria	Acidobacteria
73.20110700_P3D.3	Bacteria	Acidobacteria
73.20110700_P3D.7	Bacteria	Acidobacteria
73.20110700_P3D.9	Bacteria	Acidobacteria
73.20110700_P3M.16	Bacteria	Acidobacteria
73.20110700_P3M.4	Bacteria	Acidobacteria
73.20110700_P3M.6	Bacteria	Acidobacteria
73.20110700_P3M.8	Bacteria	Acidobacteria
73.20110700_P3S.4	Bacteria	Acidobacteria
73.20110700_S1D.20	Bacteria	Acidobacteria
73.20110700_S1D.2	Bacteria	Acidobacteria
73.20110700_S1D.5	Bacteria	Acidobacteria
73.20110700_S1D.9	Bacteria	Acidobacteria
73.20110700_S1M.11	Bacteria	Acidobacteria
73.20110700_S1M.36	Bacteria	Acidobacteria
73.20110700_S1M.5	Bacteria	Acidobacteria
73.20110700_S2D.16	Bacteria	Acidobacteria
73.20110700_S2D.20	Bacteria	Acidobacteria
73.20110700_S2D.26	Bacteria	Acidobacteria
73.20110700_S2D.32	Bacteria	Acidobacteria
73.20110700_S2D.39	Bacteria	Acidobacteria
73.20110700_S2D.46	Bacteria	Acidobacteria
73.20110700_S2M.20	Bacteria	Acidobacteria
73.20110700_S2M.30	Bacteria	Acidobacteria
73.20110700_S2M.35	Bacteria	Acidobacteria
73.20110700_S2M.7	Bacteria	Acidobacteria
73.20110700_S3M.25	Bacteria	Acidobacteria
73.20110700_S3M.27	Bacteria	Acidobacteria
73.20110700_S3M.31	Bacteria	Acidobacteria
73.20110700_S3M.38	Bacteria	Acidobacteria
73.20110700_S3M.47	Bacteria	Acidobacteria
73.20110700_S3M.4	Bacteria	Acidobacteria
73.20110700_S3M.50	Bacteria	Acidobacteria
73.20110700_S3M.7	Bacteria	Acidobacteria
73.20110700_S3M.98	Bacteria	Acidobacteria
73.20110800_E1D.14	Bacteria	Acidobacteria
73.20110800_E1D.23	Bacteria	Acidobacteria
73.20110800_E1D.30	Bacteria	Acidobacteria
73.20110800_E2D.16	Bacteria	Acidobacteria
73.20110800_E2D.40	Bacteria	Acidobacteria
73.20110800_E2D.41	Bacteria	Acidobacteria
73.20110800_E2D.44	Bacteria	Acidobacteria
73.20110800_E2D.6	Bacteria	Acidobacteria
73.20110800_E2D.76	Bacteria	Acidobacteria
73.20110800_E3D.14	Bacteria	Acidobacteria
73.20110800_E3D.5	Bacteria	Acidobacteria
73.20110800_E3D.77	Bacteria	Acidobacteria
73.20110800_P1D.42	Bacteria	Acidobacteria
73.20110800_P1D.77	Bacteria	Acidobacteria
73.20110800_P1M.47	Bacteria	Acidobacteria
73.20110800_P1M.51	Bacteria	Acidobacteria
73.20110800_P1M.59	Bacteria	Acidobacteria
73.20110800_P1S.4	Bacteria	Acidobacteria
73.20110800_P2D.1	Bacteria	Acidobacteria
73.20110800_P2D.8	Bacteria	Acidobacteria
73.20110800_P3M.11	Bacteria	Acidobacteria
73.20110800_P3S.22	Bacteria	Acidobacteria
73.20110800_P3S.2	Bacteria	Acidobacteria
73.20110800_P3S.6	Bacteria	Acidobacteria
73.20110800_P3S.9	Bacteria	Acidobacteria
73.20110800_S1D.18	Bacteria	Acidobacteria
73.20110800_S1D.19	Bacteria	Acidobacteria
73.20110800_S1M.27	Bacteria	Acidobacteria
73.20110800_S1M.31	Bacteria	Acidobacteria
73.20110800_S1M.34	Bacteria	Acidobacteria
73.20110800_S1M.45	Bacteria	Acidobacteria
73.20110800_S1M.72	Bacteria	Acidobacteria
73.20110800_S1M.73	Bacteria	Acidobacteria
73.20110800_S1M.7	Bacteria	Acidobacteria
73.20110800_S1M.81	Bacteria	Acidobacteria
73.20110800_S2D.32	Bacteria	Acidobacteria
73.20110800_S2D.41	Bacteria	Acidobacteria
73.20110800_S2D.6	Bacteria	Acidobacteria
73.20110800_S2M.25	Bacteria	Acidobacteria
73.20110800_S2M.28	Bacteria	Acidobacteria
73.20110800_S2M.31	Bacteria	Acidobacteria
73.20110800_S2M.5	Bacteria	Acidobacteria
73.20110800_S2S.19	Bacteria	Acidobacteria
73.20110800_S3D.19	Bacteria	Acidobacteria
73.20110800_S3D.22	Bacteria	Acidobacteria
73.20110800_S3D.31	Bacteria	Acidobacteria
73.20110800_S3D.36	Bacteria	Acidobacteria
73.20110800_S3D.42	Bacteria	Acidobacteria
73.20110800_S3D.50	Bacteria	Acidobacteria
73.20110800_S3D.58	Bacteria	Acidobacteria
73.20110800_S3D.5	Bacteria	Acidobacteria
73.20110800_S3D.6	Bacteria	Acidobacteria
73.20110800_S3D.78	Bacteria	Acidobacteria
73.20110800_S3M.17	Bacteria	Acidobacteria
73.20110800_S3M.18	Bacteria	Acidobacteria
73.20110800_S3M.25	Bacteria	Acidobacteria
73.20110800_S3M.4	Bacteria	Acidobacteria
73.20110800_S3M.5	Bacteria	Acidobacteria
73.20110800_S3S.12	Bacteria	Acidobacteria
73.20110800_S3S.41	Bacteria	Acidobacteria
73.20111000_E3D.16	Bacteria	Acidobacteria
73.20111000_P1D.8	Bacteria	Acidobacteria
73.20111000_P1M.23	Bacteria	Acidobacteria
73.20111000_P1S.4	Bacteria	Acidobacteria
73.20111000_P2D.13	Bacteria	Acidobacteria
73.20111000_P2D.1	Bacteria	Acidobacteria
73.20111000_P2D.25	Bacteria	Acidobacteria
73.20111000_P2D.43	Bacteria	Acidobacteria
73.20111000_P2M.18	Bacteria	Acidobacteria
73.20111000_P2M.1	Bacteria	Acidobacteria
73.20111000_P2M.5	Bacteria	Acidobacteria
73.20111000_P2S.3	Bacteria	Acidobacteria
73.20111000_P3D.19	Bacteria	Acidobacteria
73.20111000_P3D.24	Bacteria	Acidobacteria
73.20111000_P3D.47	Bacteria	Acidobacteria
73.20111000_P3D.50	Bacteria	Acidobacteria
73.20111000_P3M.19	Bacteria	Acidobacteria
73.20111000_P3M.31	Bacteria	Acidobacteria
73.20111000_P3M.32	Bacteria	Acidobacteria
73.20111000_P3M.39	Bacteria	Acidobacteria
73.20111000_P3M.63	Bacteria	Acidobacteria
73.20111000_S1D.36	Bacteria	Acidobacteria
73.20111000_S1D.39	Bacteria	Acidobacteria
73.20111000_S1D.8	Bacteria	Acidobacteria
73.20111000_S2D.27	Bacteria	Acidobacteria
73.20111000_S2D.3	Bacteria	Acidobacteria
73.20111000_S2D.5	Bacteria	Acidobacteria
73.20111000_S2M.12	Bacteria	Acidobacteria
73.20111000_S3M.2	Bacteria	Acidobacteria
73.20120500_P12.3	Bacteria	Acidobacteria
73.20120500_P13.26	Bacteria	Acidobacteria
73.20120500_P13.2	Bacteria	Acidobacteria
73.20120500_P14.1	Bacteria	Acidobacteria
73.20120500_P14.26	Bacteria	Acidobacteria
73.20120500_P14.5	Bacteria	Acidobacteria
73.20120500_P15.6	Bacteria	Acidobacteria
73.20120500_P16.3	Bacteria	Acidobacteria
73.20120500_P19.29	Bacteria	Acidobacteria
73.20120500_P22.17	Bacteria	Acidobacteria
73.20120500_P22.4	Bacteria	Acidobacteria
73.20120500_P23.4	Bacteria	Acidobacteria
73.20120500_P23.6	Bacteria	Acidobacteria
73.20120500_P24.13	Bacteria	Acidobacteria
73.20120500_P24.19	Bacteria	Acidobacteria
73.20120500_P24.1	Bacteria	Acidobacteria
73.20120500_P24.3	Bacteria	Acidobacteria
73.20120500_P24.8	Bacteria	Acidobacteria
73.20120500_P25.12	Bacteria	Acidobacteria
73.20120500_P25.2	Bacteria	Acidobacteria
73.20120500_P25.5	Bacteria	Acidobacteria
73.20120500_P26.11	Bacteria	Acidobacteria
73.20120500_P26.1	Bacteria	Acidobacteria
73.20120500_P28.19	Bacteria	Acidobacteria
73.20120500_P28.9	Bacteria	Acidobacteria
73.20120500_P31.5	Bacteria	Acidobacteria
73.20120500_P32.5	Bacteria	Acidobacteria
73.20120500_P32.9	Bacteria	Acidobacteria
73.20120500_P33.13	Bacteria	Acidobacteria
73.20120500_P34.1	Bacteria	Acidobacteria
73.20120500_P38.10	Bacteria	Acidobacteria
73.20120500_P38.14	Bacteria	Acidobacteria
73.20120500_P39.11	Bacteria	Acidobacteria
73.20120600_E1D.18	Bacteria	Acidobacteria
73.20120600_E2D.104	Bacteria	Acidobacteria
73.20120600_E2D.139	Bacteria	Acidobacteria
73.20120600_E2D.18	Bacteria	Acidobacteria
73.20120600_E2D.28	Bacteria	Acidobacteria
73.20120600_E2D.81	Bacteria	Acidobacteria
73.20120600_E3D.20	Bacteria	Acidobacteria
73.20120600_E3D.28	Bacteria	Acidobacteria
73.20120600_E3D.97	Bacteria	Acidobacteria
73.20120600_P1M.1	Bacteria	Acidobacteria
73.20120600_P1M.5	Bacteria	Acidobacteria
73.20120600_P2D.4	Bacteria	Acidobacteria
73.20120600_P2M.24	Bacteria	Acidobacteria
73.20120600_P2M.6	Bacteria	Acidobacteria
73.20120600_P2S.1	Bacteria	Acidobacteria
73.20120600_P3M.2	Bacteria	Acidobacteria
73.20120600_P3M.5	Bacteria	Acidobacteria
73.20120600_P3S.4	Bacteria	Acidobacteria
73.20120600_S1D.24	Bacteria	Acidobacteria
73.20120600_S1D.48	Bacteria	Acidobacteria
73.20120600_S1D.5	Bacteria	Acidobacteria
73.20120600_S1D.6	Bacteria	Acidobacteria
73.20120600_S1M.3	Bacteria	Acidobacteria
73.20120600_S1S.2	Bacteria	Acidobacteria
73.20120600_S2D.28	Bacteria	Acidobacteria
73.20120600_S2D.6	Bacteria	Acidobacteria
73.20120600_S2M.9	Bacteria	Acidobacteria
73.20120600_S2S.2	Bacteria	Acidobacteria
73.20120600_S3D.11	Bacteria	Acidobacteria
73.20120600_S3D.19	Bacteria	Acidobacteria
73.20120600_S3D.5	Bacteria	Acidobacteria
73.20120600_S3D.8	Bacteria	Acidobacteria
73.20120600_S3M.9	Bacteria	Acidobacteria
73.20120700_E1D.21	Bacteria	Acidobacteria
73.20120700_E1D.7	Bacteria	Acidobacteria
73.20120700_E2X.22	Bacteria	Acidobacteria
73.20120700_E2X.90	Bacteria	Acidobacteria
73.20120700_E3M.18	Bacteria	Acidobacteria
73.20120700_E3M.19	Bacteria	Acidobacteria
73.20120700_E3M.204	Bacteria	Acidobacteria
73.20120700_E3M.81	Bacteria	Acidobacteria
73.20120700_E3M.96	Bacteria	Acidobacteria
73.20120700_E3X.7	Bacteria	Acidobacteria
73.20120700_P1D.1	Bacteria	Acidobacteria
73.20120700_P1D.9	Bacteria	Acidobacteria
73.20120700_P1M.3	Bacteria	Acidobacteria
73.20120700_P2D.11	Bacteria	Acidobacteria
73.20120700_P2D.3	Bacteria	Acidobacteria
73.20120700_P2M.12	Bacteria	Acidobacteria
73.20120700_P2M.15	Bacteria	Acidobacteria
73.20120700_P2M.5	Bacteria	Acidobacteria
73.20120700_P2S.1	Bacteria	Acidobacteria
73.20120700_P3D.103	Bacteria	Acidobacteria
73.20120700_P3D.136	Bacteria	Acidobacteria
73.20120700_P3D.154	Bacteria	Acidobacteria
73.20120700_P3D.197	Bacteria	Acidobacteria
73.20120700_P3D.1	Bacteria	Acidobacteria
73.20120700_P3D.22	Bacteria	Acidobacteria
73.20120700_P3D.39	Bacteria	Acidobacteria
73.20120700_P3D.47	Bacteria	Acidobacteria
73.20120700_P3D.5	Bacteria	Acidobacteria
73.20120700_P3D.62	Bacteria	Acidobacteria
73.20120700_P3D.64	Bacteria	Acidobacteria
73.20120700_P3D.97	Bacteria	Acidobacteria
73.20120700_P3M.9	Bacteria	Acidobacteria
73.20120700_P3S.10	Bacteria	Acidobacteria
73.20120700_S1D.116	Bacteria	Acidobacteria
73.20120700_S1D.133	Bacteria	Acidobacteria
73.20120700_S1D.14	Bacteria	Acidobacteria
73.20120700_S1D.223	Bacteria	Acidobacteria
73.20120700_S1D.266	Bacteria	Acidobacteria
73.20120700_S1D.31	Bacteria	Acidobacteria
73.20120700_S1D.35	Bacteria	Acidobacteria
73.20120700_S1D.36	Bacteria	Acidobacteria
73.20120700_S1D.41	Bacteria	Acidobacteria
73.20120700_S1D.48	Bacteria	Acidobacteria
73.20120700_S1D.65	Bacteria	Acidobacteria
73.20120700_S1D.72	Bacteria	Acidobacteria
73.20120700_S1D.97	Bacteria	Acidobacteria
73.20120700_S1M.2	Bacteria	Acidobacteria
73.20120700_S1S.22	Bacteria	Acidobacteria
73.20120700_S1X.19	Bacteria	Acidobacteria
73.20120700_S1X.20	Bacteria	Acidobacteria
73.20120700_S1X.25	Bacteria	Acidobacteria
73.20120700_S1X.3	Bacteria	Acidobacteria
73.20120700_S1X.44	Bacteria	Acidobacteria
73.20120700_S2D.11	Bacteria	Acidobacteria
73.20120700_S2D.5	Bacteria	Acidobacteria
73.20120700_S2M.2	Bacteria	Acidobacteria
73.20120700_S2X.22	Bacteria	Acidobacteria
73.20120700_S2X.24	Bacteria	Acidobacteria
73.20120700_S2X.4	Bacteria	Acidobacteria
73.20120700_S2X.5	Bacteria	Acidobacteria
73.20120700_S3D.16	Bacteria	Acidobacteria
73.20120700_S3D.17	Bacteria	Acidobacteria
73.20120700_S3D.28	Bacteria	Acidobacteria
73.20120700_S3D.32	Bacteria	Acidobacteria
73.20120700_S3D.34	Bacteria	Acidobacteria
73.20120700_S3D.35	Bacteria	Acidobacteria
73.20120700_S3D.38	Bacteria	Acidobacteria
73.20120700_S3D.5	Bacteria	Acidobacteria
73.20120700_S3D.7	Bacteria	Acidobacteria
73.20120700_S3X.17	Bacteria	Acidobacteria
73.20120700_S3X.19	Bacteria	Acidobacteria
73.20120700_S3X.21	Bacteria	Acidobacteria
73.20120700_S3X.32	Bacteria	Acidobacteria
73.20120700_S3X.35	Bacteria	Acidobacteria
73.20120700_S3X.39	Bacteria	Acidobacteria
73.20120700_S3X.41	Bacteria	Acidobacteria
73.20120700_S3X.5	Bacteria	Acidobacteria
73.20120700_S3X.7	Bacteria	Acidobacteria
73.20120800_E1D.12	Bacteria	Acidobacteria
73.20120800_E1D.22	Bacteria	Acidobacteria
73.20120800_E1D.29	Bacteria	Acidobacteria
73.20120800_E1D.6	Bacteria	Acidobacteria
73.20120800_E2D.7	Bacteria	Acidobacteria
73.20120800_E2X.58	Bacteria	Acidobacteria
73.20120800_E3D.4	Bacteria	Acidobacteria
73.20120800_E3S.15	Bacteria	Acidobacteria
73.20120800_E3X.5	Bacteria	Acidobacteria
73.20120800_P1D.6	Bacteria	Acidobacteria
73.20120800_P1D.7	Bacteria	Acidobacteria
73.20120800_P2D.2	Bacteria	Acidobacteria
73.20120800_P2D.6	Bacteria	Acidobacteria
73.20120800_P2M.13	Bacteria	Acidobacteria
73.20120800_P2M.3	Bacteria	Acidobacteria
73.20120800_P2M.7	Bacteria	Acidobacteria
73.20120800_P2M.9	Bacteria	Acidobacteria
73.20120800_P3M.4	Bacteria	Acidobacteria
73.20120800_S1D.5	Bacteria	Acidobacteria
73.20120800_S1D.8	Bacteria	Acidobacteria
73.20120800_S1M.12	Bacteria	Acidobacteria
73.20120800_S1M.4	Bacteria	Acidobacteria
73.20120800_S1X.37	Bacteria	Acidobacteria
73.20120800_S1X.4	Bacteria	Acidobacteria
73.20120800_S2D.10	Bacteria	Acidobacteria
73.20120800_S2M.12	Bacteria	Acidobacteria
73.20120800_S2X.13	Bacteria	Acidobacteria
73.20120800_S2X.18	Bacteria	Acidobacteria
73.20120800_S2X.20	Bacteria	Acidobacteria
73.20120800_S2X.23	Bacteria	Acidobacteria
73.20120800_S2X.3	Bacteria	Acidobacteria
73.20120800_S2X.4	Bacteria	Acidobacteria
73.20120800_S3D.11	Bacteria	Acidobacteria
73.20120800_S3D.4	Bacteria	Acidobacteria
73.20120800_S3M.3	Bacteria	Acidobacteria
73.20120800_S3M.8	Bacteria	Acidobacteria
73.20120800_S3X.17	Bacteria	Acidobacteria
73.20120800_S3X.20	Bacteria	Acidobacteria
73.20120800_S3X.25	Bacteria	Acidobacteria
73.20120800_S3X.6	Bacteria	Acidobacteria
73.20120800_S3X.8	Bacteria	Acidobacteria
73.20100900_E1D.14	Bacteria	Actinobacteria
73.20100900_E1D.19	Bacteria	Actinobacteria
73.20100900_E1D.68	Bacteria	Actinobacteria
73.20100900_E2D.10	Bacteria	Actinobacteria
73.20100900_E3D.15	Bacteria	Actinobacteria
73.20110600_E2D.10	Bacteria	Actinobacteria
73.20110600_E3D.7	Bacteria	Actinobacteria
73.20110600_P1D.32	Bacteria	Actinobacteria
73.20110600_P1M.11	Bacteria	Actinobacteria
73.20110600_P1M.18	Bacteria	Actinobacteria
73.20110600_P1M.36	Bacteria	Actinobacteria
73.20110600_P1M.45	Bacteria	Actinobacteria
73.20110600_P1M.5	Bacteria	Actinobacteria
73.20110600_P3S.21	Bacteria	Actinobacteria
73.20110600_P3S.3	Bacteria	Actinobacteria
73.20110600_P3S.5	Bacteria	Actinobacteria
73.20110600_P3S.6	Bacteria	Actinobacteria
73.20110600_S1D.14	Bacteria	Actinobacteria
73.20110600_S1D.20	Bacteria	Actinobacteria
73.20110600_S1D.2	Bacteria	Actinobacteria
73.20110600_S1D.6	Bacteria	Actinobacteria
73.20110600_S1M.14	Bacteria	Actinobacteria
73.20110600_S1M.31	Bacteria	Actinobacteria
73.20110600_S1M.3	Bacteria	Actinobacteria
73.20110600_S1M.56	Bacteria	Actinobacteria
73.20110600_S1M.6	Bacteria	Actinobacteria
73.20110600_S1S.1	Bacteria	Actinobacteria
73.20110600_S1S.3	Bacteria	Actinobacteria
73.20110600_S1S.7	Bacteria	Actinobacteria
73.20110600_S2D.12	Bacteria	Actinobacteria
73.20110600_S2D.18	Bacteria	Actinobacteria
73.20110600_S2D.29	Bacteria	Actinobacteria
73.20110600_S2D.37	Bacteria	Actinobacteria
73.20110600_S2D.3	Bacteria	Actinobacteria
73.20110600_S2M.16	Bacteria	Actinobacteria
73.20110600_S2M.5	Bacteria	Actinobacteria
73.20110600_S2M.8	Bacteria	Actinobacteria
73.20110600_S2S.1	Bacteria	Actinobacteria
73.20110600_S2S.4	Bacteria	Actinobacteria
73.20110600_S2S.5	Bacteria	Actinobacteria
73.20110600_S3D.13	Bacteria	Actinobacteria
73.20110600_S3D.15	Bacteria	Actinobacteria
73.20110600_S3D.3	Bacteria	Actinobacteria
73.20110600_S3D.6	Bacteria	Actinobacteria
73.20110600_S3D.8	Bacteria	Actinobacteria
73.20110600_S3M.21	Bacteria	Actinobacteria
73.20110600_S3M.38	Bacteria	Actinobacteria
73.20110600_S3M.3	Bacteria	Actinobacteria
73.20110600_S3M.45	Bacteria	Actinobacteria
73.20110600_S3M.8	Bacteria	Actinobacteria
73.20110600_S3S.1	Bacteria	Actinobacteria
73.20110600_S3S.5	Bacteria	Actinobacteria
73.20110700_E2D.11	Bacteria	Actinobacteria
73.20110700_P1D.14	Bacteria	Actinobacteria
73.20110700_P1M.5	Bacteria	Actinobacteria
73.20110700_P1S.10	Bacteria	Actinobacteria
73.20110700_P1S.16	Bacteria	Actinobacteria
73.20110700_P1S.2	Bacteria	Actinobacteria
73.20110700_P1S.4	Bacteria	Actinobacteria
73.20110700_P2D.12	Bacteria	Actinobacteria
73.20110700_P2D.20	Bacteria	Actinobacteria
73.20110700_P2D.24	Bacteria	Actinobacteria
73.20110700_P2D.47	Bacteria	Actinobacteria
73.20110700_P2D.54	Bacteria	Actinobacteria
73.20110700_P2D.73	Bacteria	Actinobacteria
73.20110700_P2M.3	Bacteria	Actinobacteria
73.20110700_S1D.11	Bacteria	Actinobacteria
73.20110700_S1D.14	Bacteria	Actinobacteria
73.20110700_S1D.4	Bacteria	Actinobacteria
73.20110700_S1M.14	Bacteria	Actinobacteria
73.20110700_S1M.28	Bacteria	Actinobacteria
73.20110700_S1M.29	Bacteria	Actinobacteria
73.20110700_S1M.2	Bacteria	Actinobacteria
73.20110700_S1M.7	Bacteria	Actinobacteria
73.20110700_S1M.8	Bacteria	Actinobacteria
73.20110700_S2D.14	Bacteria	Actinobacteria
73.20110700_S2D.19	Bacteria	Actinobacteria
73.20110700_S2D.31	Bacteria	Actinobacteria
73.20110700_S2D.3	Bacteria	Actinobacteria
73.20110700_S2D.47	Bacteria	Actinobacteria
73.20110700_S2D.6	Bacteria	Actinobacteria
73.20110700_S2M.16	Bacteria	Actinobacteria
73.20110700_S2M.17	Bacteria	Actinobacteria
73.20110700_S2M.39	Bacteria	Actinobacteria
73.20110700_S2M.4	Bacteria	Actinobacteria
73.20110700_S2M.6	Bacteria	Actinobacteria
73.20110700_S3M.18	Bacteria	Actinobacteria
73.20110700_S3M.29	Bacteria	Actinobacteria
73.20110700_S3M.2	Bacteria	Actinobacteria
73.20110700_S3M.34	Bacteria	Actinobacteria
73.20110700_S3M.54	Bacteria	Actinobacteria
73.20110700_S3M.5	Bacteria	Actinobacteria
73.20110700_S3M.6	Bacteria	Actinobacteria
73.20110700_S3M.92	Bacteria	Actinobacteria
73.20110800_E1D.16	Bacteria	Actinobacteria
73.20110800_E1D.61	Bacteria	Actinobacteria
73.20110800_E1D.6	Bacteria	Actinobacteria
73.20110800_E2D.43	Bacteria	Actinobacteria
73.20110800_E2M.22	Bacteria	Actinobacteria
73.20110800_E3D.6	Bacteria	Actinobacteria
73.20110800_E3D.70	Bacteria	Actinobacteria
73.20110800_P1D.15	Bacteria	Actinobacteria
73.20110800_P1D.27	Bacteria	Actinobacteria
73.20110800_P1D.86	Bacteria	Actinobacteria
73.20110800_P2D.16	Bacteria	Actinobacteria
73.20110800_P2D.20	Bacteria	Actinobacteria
73.20110800_P2D.24	Bacteria	Actinobacteria
73.20110800_P2D.27	Bacteria	Actinobacteria
73.20110800_P3M.3	Bacteria	Actinobacteria
73.20110800_P3S.4	Bacteria	Actinobacteria
73.20110800_S1D.12	Bacteria	Actinobacteria
73.20110800_S1D.17	Bacteria	Actinobacteria
73.20110800_S1D.28	Bacteria	Actinobacteria
73.20110800_S1D.37	Bacteria	Actinobacteria
73.20110800_S1D.3	Bacteria	Actinobacteria
73.20110800_S1D.50	Bacteria	Actinobacteria
73.20110800_S1M.21	Bacteria	Actinobacteria
73.20110800_S1M.26	Bacteria	Actinobacteria
73.20110800_S1M.35	Bacteria	Actinobacteria
73.20110800_S1M.47	Bacteria	Actinobacteria
73.20110800_S1M.4	Bacteria	Actinobacteria
73.20110800_S1M.5	Bacteria	Actinobacteria
73.20110800_S1M.74	Bacteria	Actinobacteria
73.20110800_S1S.1	Bacteria	Actinobacteria
73.20110800_S1S.2	Bacteria	Actinobacteria
73.20110800_S1S.4	Bacteria	Actinobacteria
73.20110800_S2D.14	Bacteria	Actinobacteria
73.20110800_S2D.3	Bacteria	Actinobacteria
73.20110800_S2M.4	Bacteria	Actinobacteria
73.20110800_S2S.4	Bacteria	Actinobacteria
73.20110800_S3D.16	Bacteria	Actinobacteria
73.20110800_S3D.23	Bacteria	Actinobacteria
73.20110800_S3D.51	Bacteria	Actinobacteria
73.20110800_S3D.57	Bacteria	Actinobacteria
73.20110800_S3D.66	Bacteria	Actinobacteria
73.20110800_S3D.8	Bacteria	Actinobacteria
73.20110800_S3M.13	Bacteria	Actinobacteria
73.20110800_S3M.23	Bacteria	Actinobacteria
73.20110800_S3M.2	Bacteria	Actinobacteria
73.20110800_S3M.53	Bacteria	Actinobacteria
73.20110800_S3M.6	Bacteria	Actinobacteria
73.20110800_S3M.7	Bacteria	Actinobacteria
73.20110800_S3S.3	Bacteria	Actinobacteria
73.20110800_S3S.6	Bacteria	Actinobacteria
73.20110800_S3S.73	Bacteria	Actinobacteria
73.20110800_S3S.8	Bacteria	Actinobacteria
73.20111000_E2D.8	Bacteria	Actinobacteria
73.20111000_P1D.18	Bacteria	Actinobacteria
73.20111000_P1D.5	Bacteria	Actinobacteria
73.20111000_P1S.5	Bacteria	Actinobacteria
73.20111000_P1S.6	Bacteria	Actinobacteria
73.20111000_P2D.24	Bacteria	Actinobacteria
73.20111000_P2D.26	Bacteria	Actinobacteria
73.20111000_P2D.27	Bacteria	Actinobacteria
73.20111000_P2D.8	Bacteria	Actinobacteria
73.20111000_P2D.9	Bacteria	Actinobacteria
73.20111000_P2S.4	Bacteria	Actinobacteria
73.20111000_P3D.18	Bacteria	Actinobacteria
73.20111000_P3M.104	Bacteria	Actinobacteria
73.20111000_P3M.111	Bacteria	Actinobacteria
73.20111000_P3M.26	Bacteria	Actinobacteria
73.20111000_P3M.68	Bacteria	Actinobacteria
73.20111000_P3M.84	Bacteria	Actinobacteria
73.20111000_P3M.97	Bacteria	Actinobacteria
73.20111000_S1D.10	Bacteria	Actinobacteria
73.20111000_S1D.16	Bacteria	Actinobacteria
73.20111000_S1D.33	Bacteria	Actinobacteria
73.20111000_S1D.4	Bacteria	Actinobacteria
73.20111000_S1D.5	Bacteria	Actinobacteria
73.20111000_S1M.3	Bacteria	Actinobacteria
73.20111000_S2D.19	Bacteria	Actinobacteria
73.20111000_S2D.2	Bacteria	Actinobacteria
73.20111000_S2D.31	Bacteria	Actinobacteria
73.20111000_S2D.4	Bacteria	Actinobacteria
73.20111000_S2M.15	Bacteria	Actinobacteria
73.20111000_S2M.25	Bacteria	Actinobacteria
73.20111000_S2M.6	Bacteria	Actinobacteria
73.20111000_S2M.8	Bacteria	Actinobacteria
73.20111000_S2S.3	Bacteria	Actinobacteria
73.20111000_S3D.16	Bacteria	Actinobacteria
73.20111000_S3D.26	Bacteria	Actinobacteria
73.20111000_S3D.7	Bacteria	Actinobacteria
73.20111000_S3D.8	Bacteria	Actinobacteria
73.20111000_S3M.1	Bacteria	Actinobacteria
73.20111000_S3M.3	Bacteria	Actinobacteria
73.20111000_S3M.5	Bacteria	Actinobacteria
73.20111000_S3S.1	Bacteria	Actinobacteria
73.20111000_S3S.3	Bacteria	Actinobacteria
73.20111000_S3S.8	Bacteria	Actinobacteria
73.20120500_P13.15	Bacteria	Actinobacteria
73.20120500_P13.20	Bacteria	Actinobacteria
73.20120500_P16.6	Bacteria	Actinobacteria
73.20120500_P17.2	Bacteria	Actinobacteria
73.20120500_P17.4	Bacteria	Actinobacteria
73.20120500_P17.9	Bacteria	Actinobacteria
73.20120500_P19.14	Bacteria	Actinobacteria
73.20120500_P19.15	Bacteria	Actinobacteria
73.20120500_P19.24	Bacteria	Actinobacteria
73.20120500_P19.4	Bacteria	Actinobacteria
73.20120500_P22.3	Bacteria	Actinobacteria
73.20120500_P22.9	Bacteria	Actinobacteria
73.20120500_P23.13	Bacteria	Actinobacteria
73.20120500_P23.3	Bacteria	Actinobacteria
73.20120500_P26.10	Bacteria	Actinobacteria
73.20120500_P26.23	Bacteria	Actinobacteria
73.20120500_P26.32	Bacteria	Actinobacteria
73.20120500_P27.13	Bacteria	Actinobacteria
73.20120500_P27.15	Bacteria	Actinobacteria
73.20120500_P27.30	Bacteria	Actinobacteria
73.20120500_P28.10	Bacteria	Actinobacteria
73.20120500_P28.26	Bacteria	Actinobacteria
73.20120500_P28.32	Bacteria	Actinobacteria
73.20120500_P32.13	Bacteria	Actinobacteria
73.20120500_P32.19	Bacteria	Actinobacteria
73.20120500_P38.3	Bacteria	Actinobacteria
73.20120500_P39.14	Bacteria	Actinobacteria
73.20120500_P39.29	Bacteria	Actinobacteria
73.20120500_P39.3	Bacteria	Actinobacteria
73.20120500_P39.4	Bacteria	Actinobacteria
73.20120600_E1D.105	Bacteria	Actinobacteria
73.20120600_E1D.12	Bacteria	Actinobacteria
73.20120600_E1D.135	Bacteria	Actinobacteria
73.20120600_E1D.138	Bacteria	Actinobacteria
73.20120600_E1D.40	Bacteria	Actinobacteria
73.20120600_E2D.118	Bacteria	Actinobacteria
73.20120600_E2D.13	Bacteria	Actinobacteria
73.20120600_E2D.157	Bacteria	Actinobacteria
73.20120600_E2D.184	Bacteria	Actinobacteria
73.20120600_E2D.19	Bacteria	Actinobacteria
73.20120600_E2D.69	Bacteria	Actinobacteria
73.20120600_E2D.77	Bacteria	Actinobacteria
73.20120600_E2D.85	Bacteria	Actinobacteria
73.20120600_E2D.8	Bacteria	Actinobacteria
73.20120600_E3D.13	Bacteria	Actinobacteria
73.20120600_E3D.149	Bacteria	Actinobacteria
73.20120600_E3D.15	Bacteria	Actinobacteria
73.20120600_E3D.21	Bacteria	Actinobacteria
73.20120600_P2M.12	Bacteria	Actinobacteria
73.20120600_P2M.14	Bacteria	Actinobacteria
73.20120600_P2M.43	Bacteria	Actinobacteria
73.20120600_P2S.4	Bacteria	Actinobacteria
73.20120600_P2S.6	Bacteria	Actinobacteria
73.20120600_P3M.10	Bacteria	Actinobacteria
73.20120600_P3M.13	Bacteria	Actinobacteria
73.20120600_P3S.7	Bacteria	Actinobacteria
73.20120600_S1D.23	Bacteria	Actinobacteria
73.20120600_S1D.4	Bacteria	Actinobacteria
73.20120600_S1M.2	Bacteria	Actinobacteria
73.20120600_S1M.5	Bacteria	Actinobacteria
73.20120600_S1S.1	Bacteria	Actinobacteria
73.20120600_S1S.5	Bacteria	Actinobacteria
73.20120600_S2D.13	Bacteria	Actinobacteria
73.20120600_S2D.16	Bacteria	Actinobacteria
73.20120600_S2D.3	Bacteria	Actinobacteria
73.20120600_S2D.5	Bacteria	Actinobacteria
73.20120600_S2M.11	Bacteria	Actinobacteria
73.20120600_S2M.16	Bacteria	Actinobacteria
73.20120600_S2M.19	Bacteria	Actinobacteria
73.20120600_S2M.20	Bacteria	Actinobacteria
73.20120600_S2M.25	Bacteria	Actinobacteria
73.20120600_S2M.3	Bacteria	Actinobacteria
73.20120600_S2M.46	Bacteria	Actinobacteria
73.20120600_S2M.5	Bacteria	Actinobacteria
73.20120600_S2M.6	Bacteria	Actinobacteria
73.20120600_S2S.1	Bacteria	Actinobacteria
73.20120600_S2S.3	Bacteria	Actinobacteria
73.20120600_S2S.5	Bacteria	Actinobacteria
73.20120600_S3D.12	Bacteria	Actinobacteria
73.20120600_S3D.21	Bacteria	Actinobacteria
73.20120600_S3D.4	Bacteria	Actinobacteria
73.20120600_S3D.6	Bacteria	Actinobacteria
73.20120600_S3D.7	Bacteria	Actinobacteria
73.20120600_S3M.11	Bacteria	Actinobacteria
73.20120600_S3M.14	Bacteria	Actinobacteria
73.20120600_S3M.5	Bacteria	Actinobacteria
73.20120600_S3M.7	Bacteria	Actinobacteria
73.20120700_E1D.4	Bacteria	Actinobacteria
73.20120700_E2D.13	Bacteria	Actinobacteria
73.20120700_E2X.152	Bacteria	Actinobacteria
73.20120700_E2X.208	Bacteria	Actinobacteria
73.20120700_E2X.67	Bacteria	Actinobacteria
73.20120700_E3M.161	Bacteria	Actinobacteria
73.20120700_E3M.220	Bacteria	Actinobacteria
73.20120700_E3M.60	Bacteria	Actinobacteria
73.20120700_P1D.12	Bacteria	Actinobacteria
73.20120700_P1S.3	Bacteria	Actinobacteria
73.20120700_P2D.14	Bacteria	Actinobacteria
73.20120700_P2D.4	Bacteria	Actinobacteria
73.20120700_P2M.3	Bacteria	Actinobacteria
73.20120700_P3D.105	Bacteria	Actinobacteria
73.20120700_P3D.111	Bacteria	Actinobacteria
73.20120700_P3D.127	Bacteria	Actinobacteria
73.20120700_P3D.131	Bacteria	Actinobacteria
73.20120700_P3D.181	Bacteria	Actinobacteria
73.20120700_P3D.200	Bacteria	Actinobacteria
73.20120700_P3D.216	Bacteria	Actinobacteria
73.20120700_P3D.341	Bacteria	Actinobacteria
73.20120700_P3D.36	Bacteria	Actinobacteria
73.20120700_P3D.459	Bacteria	Actinobacteria
73.20120700_P3D.58	Bacteria	Actinobacteria
73.20120700_P3D.59	Bacteria	Actinobacteria
73.20120700_P3D.75	Bacteria	Actinobacteria
73.20120700_P3M.3	Bacteria	Actinobacteria
73.20120700_S1D.129	Bacteria	Actinobacteria
73.20120700_S1D.15	Bacteria	Actinobacteria
73.20120700_S1D.21	Bacteria	Actinobacteria
73.20120700_S1D.25	Bacteria	Actinobacteria
73.20120700_S1D.262	Bacteria	Actinobacteria
73.20120700_S1D.32	Bacteria	Actinobacteria
73.20120700_S1D.33	Bacteria	Actinobacteria
73.20120700_S1D.38	Bacteria	Actinobacteria
73.20120700_S1D.3	Bacteria	Actinobacteria
73.20120700_S1D.4	Bacteria	Actinobacteria
73.20120700_S1D.6	Bacteria	Actinobacteria
73.20120700_S1D.86	Bacteria	Actinobacteria
73.20120700_S1D.88	Bacteria	Actinobacteria
73.20120700_S1M.1	Bacteria	Actinobacteria
73.20120700_S1M.3	Bacteria	Actinobacteria
73.20120700_S1S.10	Bacteria	Actinobacteria
73.20120700_S1S.12	Bacteria	Actinobacteria
73.20120700_S1S.21	Bacteria	Actinobacteria
73.20120700_S1S.7	Bacteria	Actinobacteria
73.20120700_S1X.13	Bacteria	Actinobacteria
73.20120700_S1X.18	Bacteria	Actinobacteria
73.20120700_S1X.26	Bacteria	Actinobacteria
73.20120700_S1X.2	Bacteria	Actinobacteria
73.20120700_S1X.33	Bacteria	Actinobacteria
73.20120700_S1X.43	Bacteria	Actinobacteria
73.20120700_S2D.13	Bacteria	Actinobacteria
73.20120700_S2D.3	Bacteria	Actinobacteria
73.20120700_S2D.4	Bacteria	Actinobacteria
73.20120700_S2D.6	Bacteria	Actinobacteria
73.20120700_S2M.1	Bacteria	Actinobacteria
73.20120700_S2M.4	Bacteria	Actinobacteria
73.20120700_S2S.4	Bacteria	Actinobacteria
73.20120700_S2S.5	Bacteria	Actinobacteria
73.20120700_S2S.7	Bacteria	Actinobacteria
73.20120700_S2X.11	Bacteria	Actinobacteria
73.20120700_S2X.17	Bacteria	Actinobacteria
73.20120700_S2X.44	Bacteria	Actinobacteria
73.20120700_S3D.15	Bacteria	Actinobacteria
73.20120700_S3D.22	Bacteria	Actinobacteria
73.20120700_S3D.3	Bacteria	Actinobacteria
73.20120700_S3D.40	Bacteria	Actinobacteria
73.20120700_S3D.46	Bacteria	Actinobacteria
73.20120700_S3D.57	Bacteria	Actinobacteria
73.20120700_S3D.59	Bacteria	Actinobacteria
73.20120700_S3X.16	Bacteria	Actinobacteria
73.20120700_S3X.24	Bacteria	Actinobacteria
73.20120700_S3X.48	Bacteria	Actinobacteria
73.20120700_S3X.53	Bacteria	Actinobacteria
73.20120700_S3X.67	Bacteria	Actinobacteria
73.20120700_S3X.6	Bacteria	Actinobacteria
73.20120800_E1D.28	Bacteria	Actinobacteria
73.20120800_E1X.33	Bacteria	Actinobacteria
73.20120800_E2D.6	Bacteria	Actinobacteria
73.20120800_P3M.2	Bacteria	Actinobacteria
73.20120800_S1D.19	Bacteria	Actinobacteria
73.20120800_S1D.3	Bacteria	Actinobacteria
73.20120800_S1D.7	Bacteria	Actinobacteria
73.20120800_S1M.16	Bacteria	Actinobacteria
73.20120800_S1M.26	Bacteria	Actinobacteria
73.20120800_S1M.3	Bacteria	Actinobacteria
73.20120800_S1M.6	Bacteria	Actinobacteria
73.20120800_S1S.6	Bacteria	Actinobacteria
73.20120800_S1S.7	Bacteria	Actinobacteria
73.20120800_S1X.2	Bacteria	Actinobacteria
73.20120800_S2D.13	Bacteria	Actinobacteria
73.20120800_S2D.3	Bacteria	Actinobacteria
73.20120800_S2D.4	Bacteria	Actinobacteria
73.20120800_S2D.6	Bacteria	Actinobacteria
73.20120800_S2D.8	Bacteria	Actinobacteria
73.20120800_S2S.1	Bacteria	Actinobacteria
73.20120800_S2S.3	Bacteria	Actinobacteria
73.20120800_S2X.11	Bacteria	Actinobacteria
73.20120800_S2X.17	Bacteria	Actinobacteria
73.20120800_S3D.15	Bacteria	Actinobacteria
73.20120800_S3D.3	Bacteria	Actinobacteria
73.20120800_S3D.5	Bacteria	Actinobacteria
73.20120800_S3M.10	Bacteria	Actinobacteria
73.20120800_S3M.5	Bacteria	Actinobacteria
73.20120800_S3M.6	Bacteria	Actinobacteria
73.20120800_S3X.31	Bacteria	Actinobacteria
73.20120800_S3X.4	Bacteria	Actinobacteria
73.20120800_S3X.9	Bacteria	Actinobacteria
73.20110600_P1M.3	Bacteria	AD3
73.20110600_S1D.13	Bacteria	AD3
73.20110600_S3D.21	Bacteria	AD3
73.20110700_P2D.19	Bacteria	AD3
73.20110700_P3M.20	Bacteria	AD3
73.20110800_E2D.52	Bacteria	AD3
73.20110800_P1D.25	Bacteria	AD3
73.20110800_P1D.6	Bacteria	AD3
73.20110800_P1M.6	Bacteria	AD3
73.20110800_S3M.11	Bacteria	AD3
73.20111000_P1M.26	Bacteria	AD3
73.20111000_P2D.5	Bacteria	AD3
73.20111000_P2M.19	Bacteria	AD3
73.20111000_P3D.15	Bacteria	AD3
73.20111000_P3D.3	Bacteria	AD3
73.20111000_P3D.8	Bacteria	AD3
73.20111000_P3M.44	Bacteria	AD3
73.20111000_P3M.52	Bacteria	AD3
73.20111000_S2D.15	Bacteria	AD3
73.20111000_S2D.16	Bacteria	AD3
73.20111000_S2M.16	Bacteria	AD3
73.20111000_S3D.17	Bacteria	AD3
73.20120500_P13.1	Bacteria	AD3
73.20120500_P15.8	Bacteria	AD3
73.20120500_P16.2	Bacteria	AD3
73.20120500_P23.17	Bacteria	AD3
73.20120500_P24.24	Bacteria	AD3
73.20120500_P25.9	Bacteria	AD3
73.20120500_P26.6	Bacteria	AD3
73.20120500_P32.17	Bacteria	AD3
73.20120500_P34.15	Bacteria	AD3
73.20120500_P35.5	Bacteria	AD3
73.20120500_P36.5	Bacteria	AD3
73.20120600_S2M.12	Bacteria	AD3
73.20120600_S3M.12	Bacteria	AD3
73.20120700_P2D.29	Bacteria	AD3
73.20120700_P3D.214	Bacteria	AD3
73.20120700_P3D.21	Bacteria	AD3
73.20120700_P3D.30	Bacteria	AD3
73.20120700_P3D.44	Bacteria	AD3
73.20120700_P3D.45	Bacteria	AD3
73.20120700_P3D.68	Bacteria	AD3
73.20120700_S1D.18	Bacteria	AD3
73.20120700_S1D.200	Bacteria	AD3
73.20120800_E1D.24	Bacteria	AD3
73.20120800_E2D.47	Bacteria	AD3
73.20120800_S1M.17	Bacteria	AD3
73.20110600_P1M.35	Bacteria	Proteobacteria
73.20110600_S1M.35	Bacteria	Proteobacteria
73.20110700_P2D.26	Bacteria	Proteobacteria
73.20110700_P2S.4	Bacteria	Proteobacteria
73.20110700_P3S.13	Bacteria	Proteobacteria
73.20110700_S2M.27	Bacteria	Proteobacteria
73.20110800_P1D.24	Bacteria	Proteobacteria
73.20110800_P1D.41	Bacteria	Proteobacteria
73.20110800_P1D.50	Bacteria	Proteobacteria
73.20110800_P1M.25	Bacteria	Proteobacteria
73.20110800_P1M.30	Bacteria	Proteobacteria
73.20110800_P1M.35	Bacteria	Proteobacteria
73.20110800_P1M.3	Bacteria	Proteobacteria
73.20110800_P1M.44	Bacteria	Proteobacteria
73.20110800_P1S.8	Bacteria	Proteobacteria
73.20110800_P3S.11	Bacteria	Proteobacteria
73.20110800_S1S.10	Bacteria	Proteobacteria
73.20110800_S3M.33	Bacteria	Proteobacteria
73.20110800_S3S.20	Bacteria	Proteobacteria
73.20110800_S3S.25	Bacteria	Proteobacteria
73.20111000_P1D.30	Bacteria	Proteobacteria
73.20111000_P1S.7	Bacteria	Proteobacteria
73.20111000_P3D.26	Bacteria	Proteobacteria
73.20111000_P3M.42	Bacteria	Proteobacteria
73.20111000_P3M.64	Bacteria	Proteobacteria
73.20111000_S2M.28	Bacteria	Proteobacteria
73.20111000_S3D.29	Bacteria	Proteobacteria
73.20111000_S3S.15	Bacteria	Proteobacteria
73.20111000_S3S.6	Bacteria	Proteobacteria
73.20120500_P27.1	Bacteria	Proteobacteria
73.20120500_P28.34	Bacteria	Proteobacteria
73.20120500_P31.4	Bacteria	Proteobacteria
73.20120500_P31.7	Bacteria	Proteobacteria
73.20120500_P32.15	Bacteria	Proteobacteria
73.20120600_E2D.155	Bacteria	Proteobacteria
73.20120600_S2D.33	Bacteria	Proteobacteria
73.20120600_S2M.29	Bacteria	Proteobacteria
73.20120600_S3D.22	Bacteria	Proteobacteria
73.20120600_S3D.27	Bacteria	Proteobacteria
73.20120600_S3S.5	Bacteria	Proteobacteria
73.20120700_E3M.239	Bacteria	Proteobacteria
73.20120700_P2D.6	Bacteria	Proteobacteria
73.20120700_P3D.113	Bacteria	Proteobacteria
73.20120700_P3D.255	Bacteria	Proteobacteria
73.20120700_P3D.41	Bacteria	Proteobacteria
73.20120700_P3D.447	Bacteria	Proteobacteria
73.20120700_P3D.467	Bacteria	Proteobacteria
73.20120700_P3D.74	Bacteria	Proteobacteria
73.20120700_P3S.3	Bacteria	Proteobacteria
73.20120700_S1D.208	Bacteria	Proteobacteria
73.20120700_S1D.242	Bacteria	Proteobacteria
73.20120700_S1D.243	Bacteria	Proteobacteria
73.20120700_S1D.247	Bacteria	Proteobacteria
73.20120700_S1D.260	Bacteria	Proteobacteria
73.20120700_S1D.278	Bacteria	Proteobacteria
73.20120700_S1D.371	Bacteria	Proteobacteria
73.20120700_S1D.55	Bacteria	Proteobacteria
73.20120700_S1D.89	Bacteria	Proteobacteria
73.20120700_S1D.96	Bacteria	Proteobacteria
73.20120800_S1M.31	Bacteria	Proteobacteria
73.20120800_S3D.23	Bacteria	Proteobacteria
73.20120800_S3M.30	Bacteria	Proteobacteria
73.20110800_E3D.109	Bacteria	Armatimonadetes
73.20111000_S2S.23	Bacteria	Armatimonadetes
73.20100900_E3D.41	Bacteria	Bacteroidetes
73.20100900_E3D.43	Bacteria	Bacteroidetes
73.20110700_P1S.19	Bacteria	Bacteroidetes
73.20110700_P2D.50	Bacteria	Bacteroidetes
73.20110700_P2S.20	Bacteria	Bacteroidetes
73.20110700_S3M.57	Bacteria	Bacteroidetes
73.20110800_E3M.21	Bacteria	Bacteroidetes
73.20110800_P2D.28	Bacteria	Bacteroidetes
73.20111000_P1M.22	Bacteria	Bacteroidetes
73.20111000_P3M.131	Bacteria	Bacteroidetes
73.20120500_P16.21	Bacteria	Bacteroidetes
73.20120600_E3D.46	Bacteria	Bacteroidetes
73.20120600_E3D.48	Bacteria	Bacteroidetes
73.20120600_E3D.83	Bacteria	Bacteroidetes
73.20120700_E1X.9	Bacteria	Bacteroidetes
73.20120700_E2X.103	Bacteria	Bacteroidetes
73.20120700_E2X.114	Bacteria	Bacteroidetes
73.20120700_E2X.150	Bacteria	Bacteroidetes
73.20120700_E3M.49	Bacteria	Bacteroidetes
73.20120700_E3M.88	Bacteria	Bacteroidetes
73.20120700_P3D.249	Bacteria	Bacteroidetes
73.20120700_P3D.266	Bacteria	Bacteroidetes
73.20120700_P3D.283	Bacteria	Bacteroidetes
73.20120700_P3D.322	Bacteria	Bacteroidetes
73.20120700_P3D.455	Bacteria	Bacteroidetes
73.20120700_P3D.501	Bacteria	Bacteroidetes
73.20120700_P3D.99	Bacteria	Bacteroidetes
73.20120700_S1D.103	Bacteria	Bacteroidetes
73.20120700_S1D.351	Bacteria	Bacteroidetes
73.20120800_E1X.13	Bacteria	Bacteroidetes
73.20120800_E2D.29	Bacteria	Bacteroidetes
73.20120800_E2D.36	Bacteria	Bacteroidetes
73.20120800_E2X.44	Bacteria	Bacteroidetes
73.20120800_E2X.54	Bacteria	Bacteroidetes
73.20120800_E2X.55	Bacteria	Bacteroidetes
73.20120800_E3D.18	Bacteria	Bacteroidetes
73.20120800_E3S.37	Bacteria	Bacteroidetes
73.20120800_E3S.3	Bacteria	Bacteroidetes
73.20120800_E3S.44	Bacteria	Bacteroidetes
73.20120800_E3X.31	Bacteria	Bacteroidetes
73.20120800_S2D.22	Bacteria	Bacteroidetes
73.20120500_P19.30	Archaea	Bathyarchaeota
73.20120700_E3M.383	Archaea	Bathyarchaeota
73.20120700_E3M.97	Archaea	Bathyarchaeota
73.20120700_P3D.286	Archaea	Bathyarchaeota
73.20120700_S1D.254	Archaea	Bathyarchaeota
73.20120700_S1D.335	Archaea	Bathyarchaeota
73.20120800_E1X.15	Archaea	Bathyarchaeota
73.20120800_E3X.32	Archaea	Bathyarchaeota
73.20110800_S3S.32	Bacteria	Proteobacteria
73.20111000_P3M.48	Bacteria	Proteobacteria
73.20120500_P28.43	Bacteria	Proteobacteria
73.20120500_P28.7	Bacteria	Proteobacteria
73.20120500_P28.8	Bacteria	Proteobacteria
73.20120600_E3D.60	Bacteria	Proteobacteria
73.20120600_E3D.84	Bacteria	Proteobacteria
73.20120700_E3M.84	Bacteria	Proteobacteria
73.20120700_P3D.169	Bacteria	Proteobacteria
73.20120700_P3D.240	Bacteria	Proteobacteria
73.20120700_P3D.248	Bacteria	Proteobacteria
73.20120700_P3D.296	Bacteria	Proteobacteria
73.20120700_P3D.316	Bacteria	Proteobacteria
73.20120700_P3D.7	Bacteria	Proteobacteria
73.20110800_E2D.8	Bacteria	Caldiserica
73.20110800_E3D.12	Bacteria	Caldiserica
73.20120500_P28.1	Bacteria	Caldiserica
73.20120700_E3X.4	Bacteria	Caldiserica
73.20120800_E3X.4	Bacteria	Caldiserica
73.20120800_E3X.8	Bacteria	Caldiserica
73.20110800_E3D.110	Bacteria	Chlamydiae
73.20120700_P3D.326	Bacteria	Chlamydiae
73.20120700_P3D.493	Bacteria	Chlamydiae
73.20120700_S1D.416	Bacteria	Chlamydiae
73.20100900_E1D.16	Bacteria	Chloroflexi
73.20100900_E1D.4	Bacteria	Chloroflexi
73.20100900_E2D.12	Bacteria	Chloroflexi
73.20100900_E3D.17	Bacteria	Chloroflexi
73.20100900_E3D.5	Bacteria	Chloroflexi
73.20110600_E2D.3	Bacteria	Chloroflexi
73.20110700_E2D.5	Bacteria	Chloroflexi
73.20110700_E3M.3	Bacteria	Chloroflexi
73.20110800_E1D.15	Bacteria	Chloroflexi
73.20110800_E1D.31	Bacteria	Chloroflexi
73.20110800_E1D.46	Bacteria	Chloroflexi
73.20110800_E1D.4	Bacteria	Chloroflexi
73.20110800_E1D.52	Bacteria	Chloroflexi
73.20110800_E2D.21	Bacteria	Chloroflexi
73.20110800_E2D.51	Bacteria	Chloroflexi
73.20110800_E2D.56	Bacteria	Chloroflexi
73.20110800_E2M.10	Bacteria	Chloroflexi
73.20110800_E2M.25	Bacteria	Chloroflexi
73.20110800_P1D.67	Bacteria	Chloroflexi
73.20110800_P1M.33	Bacteria	Chloroflexi
73.20111000_E3D.2	Bacteria	Chloroflexi
73.20120500_P28.39	Bacteria	Chloroflexi
73.20120500_P35.19	Bacteria	Chloroflexi
73.20120500_P36.15	Bacteria	Chloroflexi
73.20120600_E1D.109	Bacteria	Chloroflexi
73.20120600_E1D.124	Bacteria	Chloroflexi
73.20120600_E1D.15	Bacteria	Chloroflexi
73.20120600_E1D.27	Bacteria	Chloroflexi
73.20120600_E1D.47	Bacteria	Chloroflexi
73.20120600_E1D.5	Bacteria	Chloroflexi
73.20120600_E2D.100	Bacteria	Chloroflexi
73.20120600_E2D.27	Bacteria	Chloroflexi
73.20120600_E2D.42	Bacteria	Chloroflexi
73.20120600_E2D.4	Bacteria	Chloroflexi
73.20120600_E3D.14	Bacteria	Chloroflexi
73.20120600_E3D.174	Bacteria	Chloroflexi
73.20120600_E3D.25	Bacteria	Chloroflexi
73.20120600_E3D.26	Bacteria	Chloroflexi
73.20120600_E3D.5	Bacteria	Chloroflexi
73.20120600_E3D.99	Bacteria	Chloroflexi
73.20120700_E1D.24	Bacteria	Chloroflexi
73.20120700_E2D.10	Bacteria	Chloroflexi
73.20120700_E2D.6	Bacteria	Chloroflexi
73.20120700_E2X.12	Bacteria	Chloroflexi
73.20120700_E2X.203	Bacteria	Chloroflexi
73.20120700_E2X.26	Bacteria	Chloroflexi
73.20120700_E2X.27	Bacteria	Chloroflexi
73.20120700_E3D.2	Bacteria	Chloroflexi
73.20120700_E3M.11	Bacteria	Chloroflexi
73.20120700_E3M.207	Bacteria	Chloroflexi
73.20120700_E3M.23	Bacteria	Chloroflexi
73.20120700_E3M.266	Bacteria	Chloroflexi
73.20120700_E3M.37	Bacteria	Chloroflexi
73.20120700_E3M.75	Bacteria	Chloroflexi
73.20120700_P3D.134	Bacteria	Chloroflexi
73.20120800_E1D.31	Bacteria	Chloroflexi
73.20120800_E1D.55	Bacteria	Chloroflexi
73.20120800_E2D.21	Bacteria	Chloroflexi
73.20120800_E2D.30	Bacteria	Chloroflexi
73.20120800_E2D.54	Bacteria	Chloroflexi
73.20120800_E2X.49	Bacteria	Chloroflexi
73.20120800_E3S.24	Bacteria	Chloroflexi
73.20120800_E3S.35	Bacteria	Chloroflexi
73.20120800_E3S.52	Bacteria	Chloroflexi
73.20120800_E3X.37	Bacteria	Chloroflexi
73.20120800_E3X.6	Bacteria	Chloroflexi
73.20120700_P3D.118	Bacteria	Cyanobacteria
73.20120700_P3D.53	Bacteria	Cyanobacteria
73.20100900_E1D.13	Bacteria	Proteobacteria
73.20100900_E2D.14	Bacteria	Proteobacteria
73.20100900_E2D.5	Bacteria	Proteobacteria
73.20100900_E3D.20	Bacteria	Proteobacteria
73.20100900_E3D.24	Bacteria	Proteobacteria
73.20100900_E3D.6	Bacteria	Proteobacteria
73.20100900_E3S.13	Bacteria	Proteobacteria
73.20110600_P1M.15	Bacteria	Proteobacteria
73.20110600_S2D.31	Bacteria	Proteobacteria
73.20110600_S3M.32	Bacteria	Proteobacteria
73.20110700_P2D.10	Bacteria	Proteobacteria
73.20110700_S2D.29	Bacteria	Proteobacteria
73.20110700_S3M.39	Bacteria	Proteobacteria
73.20110800_E1D.21	Bacteria	Proteobacteria
73.20110800_E1D.32	Bacteria	Proteobacteria
73.20110800_E2D.10	Bacteria	Proteobacteria
73.20110800_E2M.5	Bacteria	Proteobacteria
73.20110800_E3D.111	Bacteria	Proteobacteria
73.20110800_E3D.16	Bacteria	Proteobacteria
73.20110800_E3D.23	Bacteria	Proteobacteria
73.20110800_E3D.2	Bacteria	Proteobacteria
73.20110800_E3M.7	Bacteria	Proteobacteria
73.20110800_P1D.52	Bacteria	Proteobacteria
73.20110800_P1M.39	Bacteria	Proteobacteria
73.20110800_P3S.24	Bacteria	Proteobacteria
73.20110800_S1M.37	Bacteria	Proteobacteria
73.20110800_S2D.27	Bacteria	Proteobacteria
73.20110800_S2M.33	Bacteria	Proteobacteria
73.20110800_S3D.35	Bacteria	Proteobacteria
73.20110800_S3M.31	Bacteria	Proteobacteria
73.20110800_S3S.83	Bacteria	Proteobacteria
73.20111000_E3D.4	Bacteria	Proteobacteria
73.20111000_P2D.7	Bacteria	Proteobacteria
73.20111000_P3M.98	Bacteria	Proteobacteria
73.20120500_P26.9	Bacteria	Proteobacteria
73.20120600_E1D.121	Bacteria	Proteobacteria
73.20120600_E1D.147	Bacteria	Proteobacteria
73.20120600_E1D.16	Bacteria	Proteobacteria
73.20120600_E1D.17	Bacteria	Proteobacteria
73.20120600_E1D.21	Bacteria	Proteobacteria
73.20120600_E1D.64	Bacteria	Proteobacteria
73.20120600_E1D.81	Bacteria	Proteobacteria
73.20120600_E2D.11	Bacteria	Proteobacteria
73.20120600_E2D.64	Bacteria	Proteobacteria
73.20120600_E3D.12	Bacteria	Proteobacteria
73.20120600_E3D.16	Bacteria	Proteobacteria
73.20120600_E3D.19	Bacteria	Proteobacteria
73.20120700_E1D.9	Bacteria	Proteobacteria
73.20120700_E1X.1	Bacteria	Proteobacteria
73.20120700_E2D.3	Bacteria	Proteobacteria
73.20120700_E2X.16	Bacteria	Proteobacteria
73.20120700_E2X.17	Bacteria	Proteobacteria
73.20120700_E2X.34	Bacteria	Proteobacteria
73.20120700_E2X.79	Bacteria	Proteobacteria
73.20120700_E3M.10	Bacteria	Proteobacteria
73.20120700_E3M.127	Bacteria	Proteobacteria
73.20120700_E3M.16	Bacteria	Proteobacteria
73.20120700_E3M.180	Bacteria	Proteobacteria
73.20120700_E3M.188	Bacteria	Proteobacteria
73.20120700_E3M.214	Bacteria	Proteobacteria
73.20120700_E3M.25	Bacteria	Proteobacteria
73.20120700_E3M.284	Bacteria	Proteobacteria
73.20120700_E3M.35	Bacteria	Proteobacteria
73.20120700_E3M.73	Bacteria	Proteobacteria
73.20120700_E3X.12	Bacteria	Proteobacteria
73.20120700_E3X.1	Bacteria	Proteobacteria
73.20120700_P1D.2	Bacteria	Proteobacteria
73.20120700_P3D.15	Bacteria	Proteobacteria
73.20120700_P3D.239	Bacteria	Proteobacteria
73.20120700_P3D.282	Bacteria	Proteobacteria
73.20120700_P3D.339	Bacteria	Proteobacteria
73.20120700_P3D.479	Bacteria	Proteobacteria
73.20120700_S1D.281	Bacteria	Proteobacteria
73.20120700_S1D.399	Bacteria	Proteobacteria
73.20120700_S1D.47	Bacteria	Proteobacteria
73.20120700_S3D.30	Bacteria	Proteobacteria
73.20120800_E1D.7	Bacteria	Proteobacteria
73.20120800_E1D.9	Bacteria	Proteobacteria
73.20120800_E1X.10	Bacteria	Proteobacteria
73.20120800_E2D.2	Bacteria	Proteobacteria
73.20120800_E2X.11	Bacteria	Proteobacteria
73.20120800_E2X.1	Bacteria	Proteobacteria
73.20120800_E2X.21	Bacteria	Proteobacteria
73.20120800_E2X.4	Bacteria	Proteobacteria
73.20120800_E2X.51	Bacteria	Proteobacteria
73.20120800_E3S.1	Bacteria	Proteobacteria
73.20120800_E3S.49	Bacteria	Proteobacteria
73.20120800_E3S.7	Bacteria	Proteobacteria
73.20120800_E3X.7	Bacteria	Proteobacteria
73.20120800_S1D.27	Bacteria	Proteobacteria
73.20120800_S1X.28	Bacteria	Proteobacteria
73.20120600_E1D.151	Bacteria	Elusimicrobia
73.20120700_E2X.243	Bacteria	Elusimicrobia
73.20120700_E3M.237	Bacteria	Elusimicrobia
73.20120700_P3D.185	Bacteria	Elusimicrobia
73.20120800_E3X.47	Bacteria	Elusimicrobia
73.20110700_P2D.103	Bacteria	FCPU426
73.20110800_S3S.14	Bacteria	FCPU426
73.20120700_P3D.179	Bacteria	FCPU426
73.20120700_S3D.51	Bacteria	FCPU426
73.20120700_S3X.59	Bacteria	FCPU426
73.20120800_S2S.11	Bacteria	FCPU426
73.20120700_S1D.234	Bacteria	Fibrobacteres
73.20120800_E1D.40	Bacteria	Fibrobacteres
73.20110700_S2D.61	Bacteria	Firmicutes
73.20110800_S1D.44	Bacteria	Firmicutes
73.20120500_P19.26	Bacteria	Firmicutes
73.20120500_P28.28	Bacteria	Firmicutes
73.20120700_S1X.39	Bacteria	Firmicutes
73.20100900_E3S.15	Bacteria	Proteobacteria
73.20110600_P1M.19	Bacteria	Proteobacteria
73.20110600_P1M.4	Bacteria	Proteobacteria
73.20110600_P1M.6	Bacteria	Proteobacteria
73.20110600_S1M.41	Bacteria	Proteobacteria
73.20110800_P3M.16	Bacteria	Proteobacteria
73.20110800_S1M.60	Bacteria	Proteobacteria
73.20110800_S1S.3	Bacteria	Proteobacteria
73.20110800_S2M.47	Bacteria	Proteobacteria
73.20110800_S3S.7	Bacteria	Proteobacteria
73.20111000_P1M.14	Bacteria	Proteobacteria
73.20111000_P2M.16	Bacteria	Proteobacteria
73.20111000_S1D.29	Bacteria	Proteobacteria
73.20111000_S2M.32	Bacteria	Proteobacteria
73.20111000_S3D.35	Bacteria	Proteobacteria
73.20111000_S3M.11	Bacteria	Proteobacteria
73.20120500_P17.17	Bacteria	Proteobacteria
73.20120500_P24.22	Bacteria	Proteobacteria
73.20120500_P31.10	Bacteria	Proteobacteria
73.20120500_P32.12	Bacteria	Proteobacteria
73.20120500_P39.18	Bacteria	Proteobacteria
73.20120600_E3D.145	Bacteria	Proteobacteria
73.20120600_P3D.3	Bacteria	Proteobacteria
73.20120600_S1D.43	Bacteria	Proteobacteria
73.20120600_S2M.39	Bacteria	Proteobacteria
73.20120600_S2S.10	Bacteria	Proteobacteria
73.20120700_E2X.160	Bacteria	Proteobacteria
73.20120700_E2X.256	Bacteria	Proteobacteria
73.20120700_E3M.140	Bacteria	Proteobacteria
73.20120700_E3M.187	Bacteria	Proteobacteria
73.20120700_P2D.31	Bacteria	Proteobacteria
73.20120700_P3D.184	Bacteria	Proteobacteria
73.20120700_S1D.105	Bacteria	Proteobacteria
73.20120700_S1D.81	Bacteria	Proteobacteria
73.20120800_E1X.35	Bacteria	Proteobacteria
73.20120800_E3D.34	Bacteria	Proteobacteria
73.20120800_S1M.32	Bacteria	Proteobacteria
73.20120800_S1S.9	Bacteria	Proteobacteria
73.20110700_P1D.19	Bacteria	Gemmatimonadetes
73.20110700_P2D.36	Bacteria	Gemmatimonadetes
73.20110800_E2D.66	Bacteria	Gemmatimonadetes
73.20110800_P1D.14	Bacteria	Gemmatimonadetes
73.20110800_P1D.22	Bacteria	Gemmatimonadetes
73.20110800_P1M.14	Bacteria	Gemmatimonadetes
73.20110800_P1M.22	Bacteria	Gemmatimonadetes
73.20111000_P1D.32	Bacteria	Gemmatimonadetes
73.20111000_P3D.16	Bacteria	Gemmatimonadetes
73.20111000_P3D.21	Bacteria	Gemmatimonadetes
73.20111000_P3M.22	Bacteria	Gemmatimonadetes
73.20120500_P13.9	Bacteria	Gemmatimonadetes
73.20120500_P28.6	Bacteria	Gemmatimonadetes
73.20120500_P35.9	Bacteria	Gemmatimonadetes
73.20120500_P36.10	Bacteria	Gemmatimonadetes
73.20120500_P37.7	Bacteria	Gemmatimonadetes
73.20120600_E2D.48	Bacteria	Gemmatimonadetes
73.20120600_E3D.47	Bacteria	Gemmatimonadetes
73.20120700_E1X.16	Bacteria	Gemmatimonadetes
73.20120700_P2D.7	Bacteria	Gemmatimonadetes
73.20120700_P3D.298	Bacteria	Gemmatimonadetes
73.20120800_E2X.75	Bacteria	Gemmatimonadetes
73.20120800_E3X.67	Bacteria	Gemmatimonadetes
73.20120800_P2D.5	Bacteria	Gemmatimonadetes
73.20100900_E1D.29	Bacteria	Ignavibacteriae
73.20100900_E1D.45	Bacteria	Ignavibacteriae
73.20100900_E1D.85	Bacteria	Ignavibacteriae
73.20100900_E2D.31	Bacteria	Ignavibacteriae
73.20100900_E2D.50	Bacteria	Ignavibacteriae
73.20100900_E2S.12	Bacteria	Ignavibacteriae
73.20100900_E3D.21	Bacteria	Ignavibacteriae
73.20100900_E3D.23	Bacteria	Ignavibacteriae
73.20100900_E3D.40	Bacteria	Ignavibacteriae
73.20100900_E3S.14	Bacteria	Ignavibacteriae
73.20110700_E1D.10	Bacteria	Ignavibacteriae
73.20110700_E3M.12	Bacteria	Ignavibacteriae
73.20110800_E1M.12	Bacteria	Ignavibacteriae
73.20110800_E2M.20	Bacteria	Ignavibacteriae
73.20110800_E2M.39	Bacteria	Ignavibacteriae
73.20110800_E3D.28	Bacteria	Ignavibacteriae
73.20110800_E3D.64	Bacteria	Ignavibacteriae
73.20111000_E3D.8	Bacteria	Ignavibacteriae
73.20120600_E1D.22	Bacteria	Ignavibacteriae
73.20120600_E1D.52	Bacteria	Ignavibacteriae
73.20120600_E1D.63	Bacteria	Ignavibacteriae
73.20120600_E2D.15	Bacteria	Ignavibacteriae
73.20120600_E2D.41	Bacteria	Ignavibacteriae
73.20120600_E2D.49	Bacteria	Ignavibacteriae
73.20120600_E2D.52	Bacteria	Ignavibacteriae
73.20120600_E2D.60	Bacteria	Ignavibacteriae
73.20120600_E3D.161	Bacteria	Ignavibacteriae
73.20120600_E3D.22	Bacteria	Ignavibacteriae
73.20120700_E1S.4	Bacteria	Ignavibacteriae
73.20120700_E2D.31	Bacteria	Ignavibacteriae
73.20120700_E2X.174	Bacteria	Ignavibacteriae
73.20120700_E2X.198	Bacteria	Ignavibacteriae
73.20120700_E2X.23	Bacteria	Ignavibacteriae
73.20120700_E2X.266	Bacteria	Ignavibacteriae
73.20120700_E2X.73	Bacteria	Ignavibacteriae
73.20120700_E2X.78	Bacteria	Ignavibacteriae
73.20120700_E2X.94	Bacteria	Ignavibacteriae
73.20120700_E3M.177	Bacteria	Ignavibacteriae
73.20120700_E3M.22	Bacteria	Ignavibacteriae
73.20120700_E3M.65	Bacteria	Ignavibacteriae
73.20120700_E3M.74	Bacteria	Ignavibacteriae
73.20120700_E3M.80	Bacteria	Ignavibacteriae
73.20120700_P3D.263	Bacteria	Ignavibacteriae
73.20120700_P3D.536	Bacteria	Ignavibacteriae
73.20120800_E1D.52	Bacteria	Ignavibacteriae
73.20120800_E2D.34	Bacteria	Ignavibacteriae
73.20120800_E2X.46	Bacteria	Ignavibacteriae
73.20120800_E3D.21	Bacteria	Ignavibacteriae
73.20120800_E3D.23	Bacteria	Ignavibacteriae
73.20120800_E3S.45	Bacteria	Ignavibacteriae
73.20100900_E1D.12	Bacteria	Nitrospirae
73.20100900_E1S.8	Bacteria	Nitrospirae
73.20110600_E3S.10	Bacteria	Nitrospirae
73.20110700_E1S.2	Bacteria	Nitrospirae
73.20110700_E2M.5	Bacteria	Nitrospirae
73.20110800_E2M.9	Bacteria	Nitrospirae
73.20110800_E3M.5	Bacteria	Nitrospirae
73.20111000_P3M.58	Bacteria	Nitrospirae
73.20120600_E2D.12	Bacteria	Nitrospirae
73.20120600_E3D.11	Bacteria	Nitrospirae
73.20120600_E3M.4	Bacteria	Nitrospirae
73.20120600_E3S.4	Bacteria	Nitrospirae
73.20120700_P3D.140	Bacteria	Nitrospirae
73.20120700_P3D.333	Bacteria	Nitrospirae
73.20120700_E2X.122	Bacteria	Omnitrophica
73.20120700_E3M.124	Bacteria	Omnitrophica
73.20120800_E1X.29	Bacteria	Omnitrophica
73.20120800_E1X.39	Bacteria	Omnitrophica
73.20120800_E3X.43	Bacteria	Omnitrophica
73.20120800_E3X.45	Bacteria	Omnitrophica
73.20110800_E3D.67	Bacteria	Patescibacteria
73.20111000_P3M.106	Bacteria	Patescibacteria
73.20120500_P26.46	Bacteria	Patescibacteria
73.20120600_E3D.118	Bacteria	Patescibacteria
73.20120600_E3D.179	Bacteria	Patescibacteria
73.20120700_E2X.147	Bacteria	Patescibacteria
73.20120700_E2X.343	Bacteria	Patescibacteria
73.20120700_E3M.131	Bacteria	Patescibacteria
73.20120700_E3M.148	Bacteria	Patescibacteria
73.20120700_P3D.151	Bacteria	Patescibacteria
73.20120700_P3D.261	Bacteria	Patescibacteria
73.20120700_P3D.271	Bacteria	Patescibacteria
73.20120700_P3D.295	Bacteria	Patescibacteria
73.20120700_P3D.308	Bacteria	Patescibacteria
73.20120700_P3D.324	Bacteria	Patescibacteria
73.20120700_S1D.140	Bacteria	Patescibacteria
73.20120700_S1D.328	Bacteria	Patescibacteria
73.20120700_S3D.60	Bacteria	Patescibacteria
73.20120700_S3X.70	Bacteria	Patescibacteria
73.20100900_E1D.52	Bacteria	Planctomycetes
73.20110800_E2D.35	Bacteria	Planctomycetes
73.20110800_E2D.65	Bacteria	Planctomycetes
73.20110800_E3D.38	Bacteria	Planctomycetes
73.20110800_E3D.93	Bacteria	Planctomycetes
73.20111000_P1S.15	Bacteria	Planctomycetes
73.20120700_E2X.68	Bacteria	Planctomycetes
73.20120700_E3M.265	Bacteria	Planctomycetes
73.20120700_E3M.475	Bacteria	Planctomycetes
73.20120700_E3M.58	Bacteria	Planctomycetes
73.20120700_E3X.13	Bacteria	Planctomycetes
73.20120700_P2D.26	Bacteria	Planctomycetes
73.20120700_P3D.215	Bacteria	Planctomycetes
73.20120700_P3D.270	Bacteria	Planctomycetes
73.20120800_E2D.35	Bacteria	Planctomycetes
73.20120800_E2X.42	Bacteria	Planctomycetes
73.20120800_E3S.34	Bacteria	Planctomycetes
73.20120800_E3S.38	Bacteria	Planctomycetes
73.20120800_E3X.23	Bacteria	Planctomycetes
73.20120800_E3X.29	Bacteria	Planctomycetes
73.20120800_E3X.35	Bacteria	Planctomycetes
73.20110800_S3S.47	Bacteria	Planctomycetes
73.20110800_E3D.78	Bacteria	Spirochaetes
73.20120700_E2X.184	Bacteria	Spirochaetes
73.20120800_E1X.37	Bacteria	Spirochaetes
73.20110800_S3D.59	Archaea	Thaumarchaeota
73.20111000_P3M.136	Archaea	Thaumarchaeota
73.20120700_S1D.104	Archaea	Thaumarchaeota
73.20120700_S1D.225	Bacteria	TM6
73.20110600_P1D.3	Bacteria	Verrucomicrobia
73.20110600_S1D.10	Bacteria	Verrucomicrobia
73.20110600_S1D.32	Bacteria	Verrucomicrobia
73.20110600_S1M.13	Bacteria	Verrucomicrobia
73.20110600_S2D.34	Bacteria	Verrucomicrobia
73.20110600_S2D.41	Bacteria	Verrucomicrobia
73.20110600_S3M.50	Bacteria	Verrucomicrobia
73.20110700_P1D.11	Bacteria	Verrucomicrobia
73.20110700_P1D.9	Bacteria	Verrucomicrobia
73.20110700_P1M.12	Bacteria	Verrucomicrobia
73.20110700_P2D.42	Bacteria	Verrucomicrobia
73.20110700_P2D.48	Bacteria	Verrucomicrobia
73.20110700_P2M.7	Bacteria	Verrucomicrobia
73.20110700_P3M.12	Bacteria	Verrucomicrobia
73.20110700_S1D.10	Bacteria	Verrucomicrobia
73.20110700_S2D.44	Bacteria	Verrucomicrobia
73.20110700_S2M.11	Bacteria	Verrucomicrobia
73.20110800_E3D.39	Bacteria	Verrucomicrobia
73.20110800_E3D.52	Bacteria	Verrucomicrobia
73.20110800_P1D.10	Bacteria	Verrucomicrobia
73.20110800_P1D.12	Bacteria	Verrucomicrobia
73.20110800_P1D.5	Bacteria	Verrucomicrobia
73.20110800_P1D.66	Bacteria	Verrucomicrobia
73.20110800_P1D.8	Bacteria	Verrucomicrobia
73.20110800_P1M.49	Bacteria	Verrucomicrobia
73.20110800_P1M.5	Bacteria	Verrucomicrobia
73.20110800_P1M.8	Bacteria	Verrucomicrobia
73.20110800_P1M.9	Bacteria	Verrucomicrobia
73.20110800_P3S.15	Bacteria	Verrucomicrobia
73.20110800_S1M.57	Bacteria	Verrucomicrobia
73.20110800_S1S.11	Bacteria	Verrucomicrobia
73.20110800_S2M.10	Bacteria	Verrucomicrobia
73.20110800_S3D.12	Bacteria	Verrucomicrobia
73.20110800_S3D.48	Bacteria	Verrucomicrobia
73.20110800_S3M.10	Bacteria	Verrucomicrobia
73.20110800_S3M.43	Bacteria	Verrucomicrobia
73.20110800_S3S.60	Bacteria	Verrucomicrobia
73.20111000_P1M.8	Bacteria	Verrucomicrobia
73.20111000_P3D.11	Bacteria	Verrucomicrobia
73.20111000_P3D.13	Bacteria	Verrucomicrobia
73.20111000_P3D.38	Bacteria	Verrucomicrobia
73.20111000_P3D.5	Bacteria	Verrucomicrobia
73.20111000_P3D.6	Bacteria	Verrucomicrobia
73.20111000_P3M.16	Bacteria	Verrucomicrobia
73.20111000_P3M.20	Bacteria	Verrucomicrobia
73.20111000_P3M.9	Bacteria	Verrucomicrobia
73.20111000_S2D.10	Bacteria	Verrucomicrobia
73.20111000_S2M.13	Bacteria	Verrucomicrobia
73.20111000_S3D.13	Bacteria	Verrucomicrobia
73.20111000_S3M.12	Bacteria	Verrucomicrobia
73.20120500_P22.8	Bacteria	Verrucomicrobia
73.20120500_P26.7	Bacteria	Verrucomicrobia
73.20120500_P35.4	Bacteria	Verrucomicrobia
73.20120500_P35.6	Bacteria	Verrucomicrobia
73.20120500_P36.3	Bacteria	Verrucomicrobia
73.20120500_P36.4	Bacteria	Verrucomicrobia
73.20120500_P37.4	Bacteria	Verrucomicrobia
73.20120500_P37.5	Bacteria	Verrucomicrobia
73.20120500_P38.6	Bacteria	Verrucomicrobia
73.20120600_E1D.53	Bacteria	Verrucomicrobia
73.20120600_E2D.189	Bacteria	Verrucomicrobia
73.20120600_E2D.30	Bacteria	Verrucomicrobia
73.20120600_S2D.9	Bacteria	Verrucomicrobia
73.20120700_E1D.14	Bacteria	Verrucomicrobia
73.20120700_E2X.31	Bacteria	Verrucomicrobia
73.20120700_E2X.53	Bacteria	Verrucomicrobia
73.20120700_E3M.30	Bacteria	Verrucomicrobia
73.20120700_P3D.107	Bacteria	Verrucomicrobia
73.20120700_P3D.123	Bacteria	Verrucomicrobia
73.20120700_P3D.12	Bacteria	Verrucomicrobia
73.20120700_P3D.146	Bacteria	Verrucomicrobia
73.20120700_P3D.225	Bacteria	Verrucomicrobia
73.20120700_P3D.34	Bacteria	Verrucomicrobia
73.20120700_P3D.355	Bacteria	Verrucomicrobia
73.20120700_P3D.35	Bacteria	Verrucomicrobia
73.20120700_S1D.120	Bacteria	Verrucomicrobia
73.20120700_S1D.121	Bacteria	Verrucomicrobia
73.20120700_S1D.122	Bacteria	Verrucomicrobia
73.20120700_S1D.12	Bacteria	Verrucomicrobia
73.20120700_S1D.154	Bacteria	Verrucomicrobia
73.20120700_S1D.182	Bacteria	Verrucomicrobia
73.20120700_S1D.183	Bacteria	Verrucomicrobia
73.20120700_S1D.218	Bacteria	Verrucomicrobia
73.20120700_S1S.19	Bacteria	Verrucomicrobia
73.20120700_S2D.12	Bacteria	Verrucomicrobia
73.20120700_S2X.40	Bacteria	Verrucomicrobia
73.20120700_S3D.10	Bacteria	Verrucomicrobia
73.20120700_S3D.53	Bacteria	Verrucomicrobia
73.20120700_S3X.9	Bacteria	Verrucomicrobia
73.20120800_E1D.18	Bacteria	Verrucomicrobia
73.20120800_E1D.43	Bacteria	Verrucomicrobia
73.20120800_E1D.44	Bacteria	Verrucomicrobia
73.20120800_E2X.33	Bacteria	Verrucomicrobia
73.20120800_E3S.25	Bacteria	Verrucomicrobia
73.20120800_E3X.19	Bacteria	Verrucomicrobia
73.20120800_P2M.6	Bacteria	Verrucomicrobia
73.20120800_S1D.13	Bacteria	Verrucomicrobia
73.20120800_S1X.44	Bacteria	Verrucomicrobia
73.20120800_S2M.9	Bacteria	Verrucomicrobia
73.20120800_S3D.12	Bacteria	Verrucomicrobia
73.20120800_S3S.2	Bacteria	Verrucomicrobia
73.20120700_E3M.91	Bacteria	WOR_3
73.20110600_P1D.1	Bacteria	WPS2
73.20110600_P1M.14	Bacteria	WPS2
73.20110600_P1M.7	Bacteria	WPS2
73.20110700_P1D.1	Bacteria	WPS2
73.20110700_P2D.15	Bacteria	WPS2
73.20110700_P2D.6	Bacteria	WPS2
73.20110700_P2M.28	Bacteria	WPS2
73.20110700_P2S.14	Bacteria	WPS2
73.20110700_P3D.28	Bacteria	WPS2
73.20110700_S1M.47	Bacteria	WPS2
73.20110800_P1D.13	Bacteria	WPS2
73.20110800_P1D.1	Bacteria	WPS2
73.20110800_P1D.7	Bacteria	WPS2
73.20110800_P1M.7	Bacteria	WPS2
73.20110800_P2D.5	Bacteria	WPS2
73.20110800_S3S.15	Bacteria	WPS2
73.20111000_P1M.11	Bacteria	WPS2
73.20111000_P1M.2	Bacteria	WPS2
73.20111000_P1M.33	Bacteria	WPS2
73.20111000_P3D.1	Bacteria	WPS2
73.20111000_P3M.15	Bacteria	WPS2
73.20111000_P3M.21	Bacteria	WPS2
73.20111000_P3M.46	Bacteria	WPS2
73.20111000_P3M.76	Bacteria	WPS2
73.20111000_S1D.25	Bacteria	WPS2
73.20111000_S2S.14	Bacteria	WPS2
73.20111000_S3S.5	Bacteria	WPS2
73.20120500_P13.25	Bacteria	WPS2
73.20120500_P31.9	Bacteria	WPS2
73.20120500_P33.11	Bacteria	WPS2
73.20120500_P33.3	Bacteria	WPS2
73.20120500_P33.7	Bacteria	WPS2
73.20120500_P34.3	Bacteria	WPS2
73.20120500_P35.1	Bacteria	WPS2
73.20120500_P36.1	Bacteria	WPS2
73.20120500_P37.1	Bacteria	WPS2
73.20120500_P38.1	Bacteria	WPS2
73.20120500_P39.1	Bacteria	WPS2
73.20120600_P2S.7	Bacteria	WPS2
73.20120600_P2S.8	Bacteria	WPS2
73.20120600_P3M.20	Bacteria	WPS2
73.20120600_S1S.10	Bacteria	WPS2
73.20120600_S2M.36	Bacteria	WPS2
73.20120600_S2S.7	Bacteria	WPS2
73.20120700_P1S.7	Bacteria	WPS2
73.20120700_P3D.3	Bacteria	WPS2
73.20120700_P3D.8	Bacteria	WPS2
73.20120700_S1D.184	Bacteria	WPS2
73.20120700_S1D.67	Bacteria	WPS2
73.20120700_S1D.95	Bacteria	WPS2
73.20120700_S1M.8	Bacteria	WPS2
73.20120800_E3X.55	Bacteria	WPS2
73.20120800_P1D.16	Bacteria	WPS2
